"x","y"
-1.75935317492846,-2.72836942819187
-1.01511307309323,-1.58424785904038
-0.0591626616612361,1.10964635442667
-1.12938971672844,-1.40175232166575
-1.91224027283835,-3.02531212434435
-1.34657336408558,-2.21762787178179
0.765994467392836,0.0919723300788829
-1.29830734246198,-2.17536338781916
1.49361870983828,1.65363902462057
-0.085386607392938,-0.197828005007093
0.362404314326701,1.96731373950704
0.63246711622255,2.46737069196569
-0.574897918353798,-0.724014491184811
0.573323675464498,-0.0784172238056285
-1.16469878066413,-1.36047702990446
0.238492424773805,-0.0322406029487238
-1.40454308658049,-1.44357965663328
0.806534273931426,-0.0606663717346576
0.145492048162509,0.385747659411224
-1.11577487501114,-1.41344608337351
0.35436605578156,0.931165617035539
-0.538094546577298,0.0451963726940593
-0.894200655849638,-0.581365053867656
-0.0880334170692609,1.65633534704992
0.0451265021121185,2.54369568832204
-1.34659666486008,-0.782872271365732
0.724936525439328,0.0310917922527599
-0.729509168453473,0.227502000299697
-1.48241293628469,-0.115526262132834
1.75519375726198,1.37675604952769
0.397011635636616,-1.89557908643562
-1.00273082090588,-2.24246753669988
1.37592607477903,1.06316099446027
2.70221555162923,4.41368649569222
0.272635919361234,-0.454920745464482
0.654041711950598,2.10514474898537
0.130017176609858,-0.84984017193801
-0.96898110302968,-0.250707869382803
-0.986406898209828,0.357369813178521
0.133056299499337,-0.151187908832861
2.55656623111128,4.44361614306781
-1.09340226514165,-0.11747791676411
0.15744745223321,-0.262082268413057
-0.81048307435025,-1.33447876577006
-1.02985891709146,-0.694501648093876
1.45548952346424,-0.0597115433949886
-0.49407036611075,-2.08966432712772
-0.147379735136118,-0.45269882166969
-0.922816656659287,-1.81880534870906
-1.0378456577841,-2.63991971134571
-0.34946557633886,-0.469611832155767
-0.262042088118759,-1.18783426241287
1.83383502922624,4.13527697850237
0.696231453407953,1.64949940496037
0.0865728693232936,0.603328630757137
0.861992871631791,0.882642944049156
-0.626622180578978,1.36474540014317
2.04913085061874,1.77492831563311
0.269709470223007,-1.0488307493941
-0.11564772074773,0.173177842728306
0.0806454187314491,-1.32486717098951
0.611311585382319,1.24209577165571
0.97655060122925,1.26104725051321
0.338829335776747,0.652418637896155
-0.844268522205545,-0.192521320795729
-0.6409908375954,0.288252235567602
-0.576458938901589,-0.239901249426399
1.23605740355297,1.09403091929678
-1.51309314967429,-0.122359511829369
0.29218439713399,0.674780064717682
0.582240318466682,0.934430110330198
0.066773404469058,-0.741056095751123
-0.684829603117229,-2.98060363217031
0.86212193714923,1.65186995942344
-0.103306199869208,0.425018678801438
-1.24130918430435,-1.11434555071005
0.806855187483896,0.570709190866779
-0.309344708931591,-0.291509876848932
0.626768627661224,0.751012452549877
0.0693831250187091,1.37535550184211
-0.778692940188,-1.11754663486426
1.64913303745848,1.39762913290787
-0.541988074073094,-0.79123074639538
-0.0718683155384368,-0.72694002129332
-0.323015905290429,-1.71651848979113
0.115489662104496,-0.0849130458887749
-1.90579865005617,-2.74648722912306
-1.66582252739456,-2.83573526323842
-0.610528359495132,-0.662041694887701
1.57664189782903,2.01440656798797
0.851884379588366,0.133690870718063
-1.04661564966518,1.05178780287007
0.666152886160191,1.41327405673665
1.4791058325948,2.07534689092463
-0.426842840446359,-0.320461782866364
0.988080171638292,2.3365267965242
0.261855143458209,2.36725361630785
-2.0592961293756,-0.74004669463766
-1.46653735983671,-1.54336351540629
0.641771805007462,-0.97613045651707
1.71575694143555,1.10549865727884
-0.16578488377588,0.922431503759046
0.391827577814298,0.460883590786344
0.231418736033279,-0.403061907019505
-0.144319813551586,0.876696269979101
-1.56681985982814,-1.76497463725608
2.57201937679113,2.02543327341663
1.35256199312377,2.89651772515711
0.349708832035164,-0.0354091836546843
-0.57471389624387,0.219475538582057
1.97872926848087,2.73138770957266
0.164466614036426,0.408647587360163
0.0893971469416916,1.43473385773324
0.0364980565929681,-0.993607362838333
-1.99245697255833,-2.04213867385855
0.596891667744719,1.81452807402097
0.0562981382247733,1.36019551611831
-0.264669490309055,1.1327879537023
-0.732334411980314,-1.65271068980524
-0.475377394231214,-0.64027894585039
-0.15467310626059,1.27233643406033
2.03324237471784,2.70332868871117
1.25676776422245,2.25746962082499
-0.578059474738307,-0.265323879167777
-0.411908110575944,0.59844789223091
0.95693323338549,2.61973200722254
1.08164318207591,3.157924001252
-1.13431973866629,-0.593772155186992
-1.48516329272066,-1.70298770397724
-0.389764661544441,-1.15183433871944
1.11918532639232,0.45619692557822
-0.295549875203169,-1.05942979729896
-0.906173203109008,-2.09234863942787
-1.85626604250997,-2.62846798089928
-0.656351746552425,-1.350229467906
-1.02961279783719,-1.56564958417423
-1.09109091258577,-1.97274006812945
1.34912442938474,-0.563888335698043
1.50031957747034,2.91957804663706
-0.82838933252597,-2.73727242880063
-0.863796884546127,-3.2762410122605
1.4626747981073,2.28703255149195
0.0160300125692969,0.105529861989781
0.167330830002494,1.54593168849362
-0.0596641765597451,-0.379853468825851
1.60763806710687,2.75583687733969
-0.206785169605017,-2.14115375370924
-0.0564809341375943,-0.541523352586359
0.360943644238945,-0.0281330922775019
-0.966669216249751,-0.908164489968303
0.172547934923249,-0.359675986386271
-0.062956901440746,1.79540353746522
1.2177367523147,1.38337013732507
-1.39476384018655,-2.36149669872918
0.613966471427055,1.33331776539187
0.244860338807851,1.02934341543425
0.30696644388694,1.28617474062953
0.0520492234217869,1.15806637931803
1.07562860940529,1.88161654751134
0.594234851519777,0.279843102950006
0.793429600280305,-0.712819326328428
-0.767078350734248,0.196035525498022
-0.66389938991974,-0.114056788232623
-2.08805917742636,-2.05714223855046
1.12410239834977,0.815720934340888
-0.310561755776889,0.247816307801891
0.178965767111688,-0.723107064980646
0.32941221624704,-1.28500439673379
-0.0966412436296596,-0.07553912482268
-0.959800998628682,-0.604087457865775
0.109452841702928,0.623998405896976
-0.185924495095259,-1.51487737549005
-2.23457335915005,-1.96688859106329
0.11730322597707,-0.512103254734556
-0.224700023115222,-1.78383347985067
-0.479368355152522,-0.646440333068098
0.646864855199124,2.57619175991381
0.79354398316558,-0.753062530556482
-0.302370639904678,0.0537141376419556
-1.97629862364044,-1.8805492572009
-0.637510876254073,-0.160731539386582
-0.887993702092769,-1.2549190323753
1.69779359876115,1.39123651752634
-0.210195939478956,0.791606814884071
-0.61785050178626,0.266290879696817
1.06357910578118,2.36754187305862
-2.19741364097595,-0.918484738641948
0.302907194026547,3.00895833009013
-0.973646478303387,-2.25590442153481
0.385206311320457,-0.976509225462548
0.467905681136221,-1.33441344636329
0.867185316873496,0.805994563738814
0.968287540708918,0.249219255305654
1.11755220006384,0.840860783802157
1.03101043419228,0.511695268495199
1.88006597060989,-0.0222483356523999
0.894949709529062,0.567158704724242
-0.0246277455589468,0.688818147511004
0.191319196426718,2.06807116196354
-0.767905722638453,-2.34255199205034
-0.878044733995023,-1.35628052754224
0.0622346604889339,-1.2763661789395
-1.04522811313914,-0.885100329515392
0.253221307923293,1.98156423595442
2.04056157265272,1.64255357663316
-0.701001465320074,0.166760724184485
-0.817767022164766,-1.50686305799896
-0.848142581898014,0.0900856538290903
1.77481924963293,2.14276495119886
2.57788033607044,2.33375586716741
-0.281080251983025,0.423543775352157
-0.877537107869341,-2.57693433966715
0.352795054700045,-0.437898683174314
-0.17924251525008,-0.431616361102996
-0.840608329458098,0.089121798076829
0.0658464538905031,-1.2390989839346
1.09520082092773,1.24809228284024
-2.14063381882992,-0.297448096056208
0.213212492182444,0.75472419749485
-0.106070472497094,0.977222585598498
0.149757097102033,1.04298851836368
-0.989822992994845,-0.828419878958805
-1.16340861411097,-2.25835430568336
-1.62648563335855,-0.270306322376237
1.06929170634145,1.3599970790823
1.73230018560103,0.444286290087358
0.983261935406002,-0.377798568357034
1.71523245372638,1.38841011815309
-2.21532786313925,-0.236045102900949
-0.20391955177218,0.748077396795395
-0.791488557446289,-1.62307487064849
0.0266560695332898,-1.04822847066776
0.69017045828543,0.029412789767373
0.200957285636677,0.05085920491587
-1.19692711337103,-0.697079380183646
0.254629941827868,0.812312745636769
-0.897363942760541,0.236586907731907
-0.0882764576444319,-0.991883460674624
-0.573179745640739,-2.34322373176995
0.412857148360212,-0.125192945320965
0.562878979626044,0.526081588326252
0.543644300409928,-1.08748602614814
-0.443288885166149,-0.24710039978869
0.188385910484597,-2.03596109017275
0.184230606029596,-0.275821797369655
-1.05897038290693,-0.714938566727399
-0.72947728971044,-2.72396338059696
-0.017258045618153,0.365810208138793
0.418710764343413,1.16325052070117
0.504496512033527,0.334129724304117
-0.550064135634634,-1.97999249861677
1.66046972448803,2.70376683158081
0.40629438724452,0.652248982727252
-0.351865405296548,-1.82257456049179
0.234728388475659,1.56506752328841
-1.60939254188723,-1.61627217307732
-0.328385347296932,-2.15745874196682
1.39552296869348,2.21799455208056
0.642832937169984,-0.248097607562688
2.26705271098777,3.73985349826396
0.938163285964669,1.21846012094879
0.256706926570583,-0.303157275840466
-1.04616635742478,-0.753114650216368
1.41887714099674,2.1717550169809
0.473916319769945,0.205499340257112
0.379373613060971,0.504752658228359
-1.94336279041294,-1.71462606585906
-1.63241172997886,-1.8829141284895
-0.582058151407147,-1.36513113548887
1.57941636809989,2.76101422095259
-0.507053371081289,-2.27792357118331
-0.307629235811469,-0.534431168591196
1.24797691466615,-0.72482087416589
1.42720517486251,1.14982180349722
1.17902316904985,2.35925485410396
0.535190121563331,0.50710331904414
1.12747243147494,1.16269164878096
0.0630077076710657,-1.54867223412025
-1.41784768692833,-1.86218291941796
0.571889659943078,-1.11634360238359
-1.41271337298401,-1.71813779950244
0.0825137376115567,1.92172234872871
0.926493779117095,1.6961989191944
-0.767693410201804,-0.580166845863203
1.25974103872394,0.353766282383894
0.875505343372778,2.11969577523379
-0.328852244533915,-1.38604964119012
-0.000241329604058407,-2.66034405528303
-0.51056537623174,1.28583180119752
-0.124715448573613,-0.312640812634074
-1.09362789927697,-0.952394996468389
-0.979084594947316,-0.587904085677963
-0.258103409746789,0.544476873395864
1.12935373918257,0.577222339801423
1.22946953425744,-0.61311148824772
-0.457683832392043,-0.435365293966099
-0.489137567128213,0.56811432010453
1.12658753508068,0.211984788603756
-0.471796029104743,-0.887966691586909
0.24144350872382,-0.0324304095555825
-0.292574450180794,-1.52087469445456
-1.80109314221535,-2.14389868343092
-0.31606576734086,-0.498847708746911
-0.436197270969241,-1.24736131521953
0.050492126121428,-1.17101046743547
-0.6903611512906,0.225897456447252
1.03616054031775,0.255155336290823
-0.000499105436632152,-0.752376128670467
0.622767293171825,0.363637198096627
-0.99121947887124,-1.57498109862351
0.640382617714774,0.869443487430626
-1.15472848329292,0.291581640381315
-0.564228430891031,1.82341236523125
-0.560645357499757,0.027833033709467
-0.582642606558245,-0.42623970352497
-0.584927559701328,1.3750213459372
1.506413996516,2.25190461288571
0.313367631959353,0.308955168632501
0.363507998778133,0.394285591974555
1.28465246860599,1.08872130619749
0.291185541459451,0.962683144697099
1.66355698543141,1.91477953188748
2.82394210813161,3.25239119625559
-1.36218802566897,-3.21809750768657
-0.674111207321415,-1.10171438110379
1.42138062783712,0.911431448667696
-0.84133994961185,-0.627881986954405
-0.491062860070638,0.141387662239418
0.364121561958139,1.52864348451683
-0.580850801066167,-1.02186980566433
0.900538635290811,0.576365176395648
0.747163849942385,0.85468359480149
0.278812023605205,0.952534582896522
0.295308496515708,0.613291046825604
-0.522711416797325,-1.8013015524032
1.11112017742844,0.865266740859127
0.700090457033126,1.81629563094885
-1.08244516799035,-1.18176381012146
-0.495440859393709,-0.680257525651051
-1.68571968678731,-2.02781336204262
-0.258110177615039,-0.130881670950003
1.26095460682075,2.32671265235306
0.725508477288478,-0.0886726238243463
1.0712981880559,2.52722705388212
1.58986810133531,2.19855674119217
1.41978343002315,1.19769544999195
0.585172952144746,1.18155306321993
0.686621517078689,1.3016016926501
1.87010729213339,2.15871628923413
0.97492555880042,1.53006844612687
0.642719998966845,0.895676050744823
-1.55525856700386,-1.54422226087339
2.00357959366933,1.63763126740606
0.467941610719534,-1.00625254487252
1.19905112608605,1.93809913747325
-1.02783314495514,1.38951298141856
-1.62225497281736,-0.350025378838107
1.02906744297493,1.84278023425796
-1.24207348523301,-1.43060084146794
1.29257384769909,1.47919769098664
0.250737520212304,1.56154929231351
0.161692140486956,-1.14320615846914
1.20851331780344,1.04561340590903
0.621250303271948,0.355764664443292
0.307113781253772,0.538334836059193
0.471619287132445,-0.307832845869387
-2.90901426697934,-2.19640475338672
-0.129005816123401,0.908356905388351
2.47118160115641,2.68398647910502
1.13870647070123,0.04768450735536
0.28973892432883,-0.0579361241060901
0.557549481791563,-0.152793376874013
-0.35015696425213,-0.425448178938868
-1.35271593796914,-2.44840382883249
0.254217925049203,-0.562520997476201
-0.190428407498747,-0.372799883872131
-0.633834054719068,-0.82241614270609
0.684966749234959,2.22089199110916
-0.352962206472377,-0.324325940926367
0.377816501922851,-0.164326136539108
-0.589478808764755,1.10565835957804
1.06722523814258,0.881025653980742
0.280358807100329,0.907570551352021
1.33151151688284,0.428494086582595
-0.450886773241607,3.52909185948108
-0.555190580631359,-0.375841711448445
-0.947677030139568,-1.14817935276688
0.334759725798928,1.84264080513888
0.272385486488601,-1.12461840047998
0.0801375779736682,1.49125014800275
0.109803749748679,0.00816675612086649
-0.602125261693258,-1.62517511288962
0.118888405584546,0.625095699745867
-0.189098455408177,-0.61501914541993
0.172943597181429,-0.20978996120759
-0.780060443661103,-1.84984432720339
-0.501812634783026,0.619125603594138
0.967705355051284,1.98585052180552
1.92439290989923,0.363183844045667
2.15473944648857,1.81414669656387
0.636593642736708,3.0214969340806
1.08800795211708,0.400170259413041
-2.16597121822808,-4.88312340605979
0.483746704173263,1.05898733299393
-0.434113047988537,0.473460515247768
-1.70780167374451,-1.68882051191573
-0.930741635102919,-0.32172611368072
0.0506928347015544,0.115340204869577
-0.402114239138921,-1.38241220274266
1.05200735443598,0.0520497026637309
1.45511377714565,2.96813401718539
1.42783810621243,1.57700828026316
-2.74512787001211,-2.06357529977182
-0.554904419986972,-1.40976868309303
-0.102242277867824,-1.41119152825259
-2.18116807299906,-3.12538817617386
0.212830706182384,-0.169655547057663
0.783430931228542,1.57453066424583
1.26121533327744,2.86318319279209
-1.79290813766602,-0.953102747676285
-0.540384361641625,0.980057103001423
0.655752384940342,-0.187671356052414
-0.0519989350827975,-1.13820321462205
3.07070122412093,2.14733292999993
-0.269179046821641,0.351027132162098
-1.17165767641097,0.39056584153354
0.877674721483276,-0.591597645887332
0.410487153004636,-0.136073364561672
-0.30960824483023,-1.7784232786488
0.910809678082375,-0.192045307705028
0.179131012869642,0.618233386793954
0.411739093840156,0.984401614869148
1.04234801048627,2.59612528394996
0.933948584570004,1.53546701480716
-0.00775327157234919,-0.716136078069568
0.231654552044888,-0.0877276689230205
0.616786029197956,1.32335466465152
0.0451574643521894,0.996401802894566
1.34320262112785,1.1988622639666
-0.448026204764949,-1.35466518590003
0.410981778286246,-0.929506608094714
-0.992504413158251,-1.11154928252424
-0.716916277309561,0.43818528332287
0.00227716789075993,-0.0698941773124388
0.19247929917894,0.523042306561771
-0.0662777372976854,-0.273307140085033
1.19074839053982,1.00230240288293
-0.415915731734083,-0.31365710273205
-0.598204185285978,-1.39017501177327
-0.0596945082970278,-2.0963581321625
-0.729445225587164,0.38689300588665
-0.669657494008936,-1.26196007483958
0.34150020947233,0.0718163054117971
0.105556235002661,2.38909017030113
-0.534681730006039,-1.75146685814143
0.559183495448289,1.04917363010296
-0.472430423820527,-0.925186759440028
0.922187268836803,3.70470013877915
-1.65513066722131,-1.24677516262949
-1.24800287842205,-1.14126453258387
-0.721877792318462,-0.572652956416169
-0.20065026378161,-0.355235432377702
-0.564144388112418,-0.333920704711199
0.763908747359303,0.534927364804056
1.99997307286551,2.82314072285092
1.69454949977191,2.10383816957177
0.250247163702055,-0.0716177939482852
-0.992857064329998,0.954280049028386
0.796328866319533,0.051545185428949
-1.33975088669677,-2.43315419263566
0.251037473522313,1.09740739152745
0.862017246820653,0.406679743894448
1.45766483101736,1.69197700384623
-1.10988138662461,0.660324377015526
-1.73480461671371,-1.6187289443266
1.9682925773018,2.9772917414664
-2.06878386740827,-1.45581797053104
0.994024928185588,0.438246439442544
-0.420797102393214,-0.252193788368053
-0.0435283556943542,-0.465258056567499
0.812980309768523,1.70525993967866
0.275793766191808,0.0510675562467988
0.195417795866984,1.03340365990957
1.067596576631,-0.152975291544375
-0.640084570324408,-2.05892779251786
1.23339445582131,-0.868509758788328
0.272696435568151,-0.0441508545640265
-0.685488829128921,0.831548321444096
-0.674830569358034,-1.00242501908953
0.304765154743041,0.14634346185817
-1.12793477324458,-2.07404693792994
-0.261967143301867,-0.906252346791261
-1.18970821383131,-1.00468128368922
-0.805463986453626,-1.9302351092487
0.367082559190091,0.343333346972948
0.257415339566956,0.556157774239624
0.0837724678712516,0.0600808978210737
-1.36619991635469,-0.517285471549996
0.638155485315349,-1.77714303858626
0.269714526839608,0.594143860598882
-1.49337305851599,-1.555346504051
0.0903661235472498,-0.132246357701721
0.04785693196435,-0.26616033443805
0.181534490830833,-0.0550677435925114
1.15749861986357,1.65310714168896
-0.921887652247201,-0.530508591961481
0.361134410185213,1.3107310955137
0.24069546083685,-0.104384532566685
-0.559919586308593,-0.306946424883244
-0.317111009654701,0.740207437677702
0.139800404835177,0.336597110945418
-0.49352194052408,1.03732690405683
-1.85734555096274,-2.00832586982153
-0.675642076883059,-0.645427872972448
0.187523038495543,1.69145020552736
-0.414681773527652,-0.00210913911448934
-0.146430741307233,-1.61818061186552
0.375964421953026,-0.918162138079427
-0.296918619261793,-1.02739964921879
0.599894926983123,0.912931867275501
-0.160241472044803,-0.696164495074385
-0.39146160548587,1.49145289437583
0.97123067595703,1.48343787921082
0.671769459785761,0.89974668991655
2.26654387118335,2.18490208486382
-0.974681201558464,0.0970363628020466
0.684380074542563,0.754753373973445
-0.44227465981433,-0.463604863895141
-0.318239472896404,0.946153746078847
-1.21808536152373,-2.65396108973518
-1.4179060350792,-0.929977803893695
-1.34142051612005,-2.3213559294151
-1.88650526000732,-0.607922680997846
1.80576241884726,2.19147875776081
0.141099324205221,0.997950370677772
-0.34717510394282,-1.23720911721885
-1.00182518134159,0.615783969872381
-0.901138103037255,-0.942863185992719
-1.32235394103362,-1.40857103717381
-0.214398696228311,-0.481774889243127
-1.13551116407672,-0.181313847860043
-0.481597491612089,0.954697586616811
-0.336109418896482,-2.08738169637248
-0.669877998556921,0.591834956050283
0.406300854578542,0.858413001997368
-1.27541305430483,-2.31218614915289
-0.148304452957928,0.250765871194148
-0.12563833229768,-0.047783722881075
-1.31079843846593,-0.912348395563555
-2.28247398241384,-2.24796968927232
-0.979823313027187,-1.2780958785054
-0.164444740091268,0.874976459755345
-1.5990354059963,-1.65795890602496
-1.40138705814541,-2.18429469051333
0.0740228363409554,1.49474717217647
0.421905237948204,-0.226081202988518
-0.683989953061152,-0.327122333446677
-0.262152489333796,-0.557610680548661
0.120337280722022,1.62406395641415
-1.17326891460659,-0.0702251403316627
0.173151916398165,0.0375149291644809
-0.303841110243068,1.14917987774267
-0.935811810211473,-1.75800826871457
-0.312450962513171,-2.1414230207704
0.678381615973007,0.272753817102882
-0.667107465370701,-0.663194893841961
0.498884406499472,1.98990652046423
0.968945374327433,0.353382978679734
0.0344398242781983,-0.450013277988524
-0.419111643660643,-0.0938705759169891
1.95924701737978,3.0303708583306
0.284024653014483,-0.179603604863179
-0.0921616727555461,0.593349722761583
-1.18200466503534,-0.697017591521405
0.154705784256048,-0.119692843135892
0.854928809905326,1.58500502513574
-0.797697725789042,1.55038921713072
-0.0691003054869077,0.215224898448682
-1.78576418838943,-0.166186337865802
-0.416948751806087,-1.14184086243933
-1.61967401873093,0.53570986960459
-0.634690291921186,1.1911914197837
1.51116236108533,2.39563363637634
-0.46573958162496,-1.22596401703239
-0.918020753054323,-2.88522691286956
0.149324635751875,-0.905370227035052
-0.021226225211699,0.775721315745282
0.161565187301867,-0.0572277344486095
0.957236208944968,0.968683164298577
-0.374983460364874,0.289589435882087
-1.56332584517461,-2.02323580255749
-0.0561284882525079,1.52885605608176
0.968731478529702,-0.104698526647172
0.0128371522896657,-0.0742613727932863
0.372765212033056,0.268777666944074
-0.383150334993428,0.318495250269194
1.15299621921357,1.93303089313298
-0.829851304657534,-1.44264150661068
-0.583296836249752,-1.0451302104521
1.43420834170647,0.564152634130037
0.0819457857547251,-0.445049510068007
-1.2023003034347,-3.23384863295396
-1.31590679117239,-0.325402169497829
1.96375121884085,2.07780375326629
0.218864265787036,-0.184726484256001
0.527858638673006,1.57496474756832
1.00853130905559,0.376085469268634
-0.658415338676637,-1.61887735956467
0.0765585393190132,-1.6542070653104
0.675439322927456,0.688898402745034
-0.0522746076436869,1.30418182729428
0.546291809488575,-1.43810667076603
-0.657732811779792,-1.19675122512081
-0.937727084294161,-1.23952780052578
0.374255672097983,1.7892124608698
-0.740852170875684,2.80689787948735
0.620529989976665,2.16337123054492
1.60519798693024,1.66365453298138
1.14636125804374,1.87104949448489
0.167382238314767,0.991460068331451
0.114716764759273,-0.937257720831234
0.661000985567773,0.179224009475831
-0.552044119467656,-2.17372844271911
-2.29871817958829,-2.80015604891648
0.685868631133461,-0.578847615821186
-1.37528146750803,-2.08632744986887
0.867080476735802,1.9267813060078
-1.14607527042852,-0.0388465623636747
-2.1762984909581,0.0288825451278614
0.68839780814579,-0.216550570632348
0.111787222347682,1.29982553636989
0.595346319729729,-0.107481724147197
-1.66080893266986,-2.09607374058008
-0.404727654292203,0.716726968432095
0.334129678146629,-0.216661455839294
-0.214310681796481,0.939936441734749
-0.00246243063953385,-1.01557453484153
0.134944211161104,1.93563059549168
0.154504900895095,0.891879526688191
-0.0650984717421096,0.443755364715679
0.782386346951131,0.0696516373355603
0.282981631991073,-0.511822514674292
-0.315946887336656,0.335151467331195
-0.723280729122276,-0.777911694239408
0.521520260596861,1.07907268231947
1.0299263670352,0.982049411560727
-0.0895457563514091,0.375770739365725
1.72225757666996,1.76111980634647
1.14753941088042,2.55205321352513
-1.62925338832575,-1.18510998290553
0.442626938801422,1.78530879897118
-1.43142122353089,1.05998165509719
-0.484301461131064,-1.08421998305991
-0.155221987754991,0.682084812980659
-0.623927498691263,-0.117887576777837
0.811941120649281,0.458595786124431
0.425839478730276,2.06042388670856
0.0656819199503013,-0.805821355136979
0.419462968235867,-1.45576850057894
1.14488301087299,1.5143137321449
-0.0231834620129663,-1.68812115268546
-0.24523880937627,0.190316882188447
-0.240095708549951,-0.289270109882711
0.23697347187533,-2.07432580625555
-2.11626516443952,-3.74509232551397
-0.347086153417805,0.340317671707812
-0.44602100776232,0.814839370362848
0.237661574260642,-2.20929163963307
-0.453531083418001,0.832750685124478
1.35315379715301,0.719550774977734
-0.943669748949299,-2.40967000957658
-1.7049246100425,-3.53731668083465
-0.496947293286434,0.780339080410285
-0.665490589025206,-0.78611729475001
-1.48683475919539,-2.24240615010901
0.403557074364835,-0.50211025551937
0.747926224046546,-0.0246443476277793
-0.0368037999595096,-0.275003314373966
-0.867165822556007,-1.64151802362897
-0.537338093827597,-1.22699712511933
-0.577923726393981,0.503556060685138
-0.391534508297983,-0.713701601759791
0.797201793515944,0.976561572869972
-0.289355816925117,0.328824747342639
1.86197591327601,1.33367917952436
0.275197990318185,-0.636263346811708
0.518548157867418,0.10541197164399
0.738439796042808,2.19288670283112
-1.12082030698296,-1.50507934864129
2.1207976592461,2.99960449674854
1.23975513791842,2.88141862203792
-1.03059852909438,-1.30002209839162
0.0472144439329934,-0.0541994037754564
0.0892939054487943,-1.92315149337734
-0.229409575337343,-1.46289883322366
-0.0946177449717204,0.700867781223868
-0.356037207287821,-0.658167115964722
-0.286841454044528,1.09685408833396
0.562042156126872,1.03827424279757
-0.157783392802045,-0.331639699668973
-0.650105764320431,-1.33727659881322
1.06940523563678,3.22118669183514
0.619695517407543,0.181944728471406
-0.817105599065771,-1.26285817806039
0.165838555500789,-0.189143214463053
0.583033139293863,-0.210252182706899
0.152089849048244,0.72116813153194
-0.6109852020978,-1.47155360156852
3.80812792190649,4.08984051791465
-1.0756519090444,-1.71650992382937
1.80686931809572,1.42802079724118
-0.672014551188057,-0.040440929738663
0.771271163291877,1.46736787254509
-0.218000172159621,-0.254189185997754
-1.58264878967531,-0.263884072114493
-1.42848273159858,-0.993918756267793
1.42383688016697,3.03831165916732
0.925709994031037,1.47424476327472
-0.721723182202839,-1.58999372148991
1.26452893345126,0.540651861144129
0.352156861868284,0.721686262749472
0.424459637217891,2.08457437799821
1.62833199285022,0.0777449991027259
0.889271308979878,0.962787711315012
0.162927467166372,1.43899255862371
-0.0878399749962609,0.85589782229584
0.141107424003655,1.16308742088433
-1.78575303964484,-2.20703300102419
-0.209751706239756,-0.16608862894462
0.10688917362902,1.14427084585318
0.765214162221566,1.4330985007558
0.314970432519287,0.655266441433888
0.392686365277912,0.665772833029259
-0.210007903327365,-0.270416312508513
-0.600842345686944,1.3954101913308
0.173428849128284,-0.0259612645945713
0.267164137875134,0.975549623700714
0.404367387435054,-0.926917222650583
-0.0895468027625587,1.80590414061049
-1.47978814117879,-0.556511910863119
2.01431882371632,3.2551442734757
-0.357188277051774,-2.78966754988716
1.19858119622884,0.350475171308234
0.333223495479005,0.284362358168965
-0.680098552659576,-1.24832011901671
0.918657975715476,1.89795526976666
-0.525904213801129,-0.403583135236882
-0.558247805022289,-0.978024698229391
0.99716732451772,3.04060239407111
-0.834161909208344,-1.57049613811323
0.473118173082371,0.271699837718944
-0.730871472371208,-1.0969908861317
-1.38431420042965,-2.76472940422112
0.340611352775261,-0.371535591961101
-1.33905015537739,-2.79208586134711
-1.6227204028161,-2.19565680689373
-0.78065095694798,-1.13299635866948
-0.967312779337683,0.190808147627752
-0.0141487316066614,-0.355353717433725
-0.341975650867916,-0.567429249704722
0.0813073560538331,-1.02753835566183
-1.24013788319754,-0.71473203764891
0.531780544700038,0.899148200610591
1.18935925275746,3.0895795419162
-0.694660583856489,-1.52626155934536
0.950473640223964,0.952811947717651
-0.738720480674598,-0.70347954115244
-1.22878045333242,-1.84632683453385
-1.33934680497776,-1.35738257691292
0.0625775208700979,0.259702551631956
-0.423734930936354,-0.564992176379559
-1.18707054373748,-0.830874265131603
-0.310681306870866,-0.720735905342272
-0.478914548863437,-0.89466420194591
-0.794588593787486,-1.98187727106822
0.338491560058875,0.0405009374347281
-0.658690883353511,0.253803429262782
1.72870098054666,1.99536489365095
0.448425467825757,1.51398582151117
-1.53157450908454,-1.18828087492981
0.402815691553217,-0.728550331432027
-0.50983576299654,-0.552912382239902
-1.74935488147248,-0.226212006289239
0.0653954550003157,0.346148598891556
0.251597033890947,-0.812323909065661
-0.499785198758017,-1.47833154054719
0.806945813515074,1.6808801918253
-0.256324593091633,-0.657295416164595
0.117436099954454,0.716721461744319
-0.202114986350454,0.066423199794639
-1.62844726301068,-2.6215704480359
-0.391909411723795,0.244533414925193
-0.783011271991551,-0.679885382052312
0.686050643984864,0.01726333173428
-0.147922476704469,1.5396499970107
-1.02360257589289,-0.64454534699107
0.177620128402112,2.39457327197048
0.39533772263565,-0.458331519371728
-0.452671265219031,-0.651913353721419
-0.0807312468253395,-0.816045179924065
0.514134425708914,1.03854960123738
-0.111827200425859,0.878691429066757
0.394867131065047,0.569625841215876
1.85040015525314,3.27920580106906
0.527099860600691,0.39766615654664
1.04106896457268,2.06363633462435
1.22575125248557,0.287992443899931
-2.16610653282846,-1.96164522073371
-0.436502799007499,-0.881305549536045
-0.395433682378897,-0.850078881470806
1.65894007402125,2.02941352283129
0.731539444994098,-1.28189850571168
-1.41558779349363,-0.647599468442495
-1.42479459492552,-0.943691351727111
0.800692942345502,0.814139832257048
-0.814941138038202,-1.10838555311941
0.354916880604619,0.652301762419761
-0.982757391607866,-0.982608747958741
1.87608513938315,1.88114336038414
-1.02990826920742,-0.9582306182866
-1.22365267862009,-3.00669908937315
0.688153952961391,0.0589392318241171
-1.84403102769602,-2.20538009691238
0.191758480278033,-0.677964266975986
0.476005553604644,0.620057536474893
-0.77862649702835,1.97757860413006
-0.0225851538060955,-0.236630195264571
-0.136431390857437,0.850175006210837
-0.479819259950547,0.819146272240803
-0.841545411255087,-2.42940613532357
0.134463431239068,1.84341276082121
0.561323003338553,0.313257006770425
0.710139928117636,1.62234309413166
0.654977408448127,0.0861313883744698
-0.169889354861259,-0.312053195884533
0.287240599934765,2.20847416695857
-3.06492916998988,-2.93024575995657
-1.37545243897785,-0.886315003067333
0.972830234075343,-0.15854813852069
0.254887372907777,0.249111982620258
-0.928086279152592,-1.71021895563785
-0.561413849783391,1.22583915898148
0.392724905105746,0.84561620835332
-0.277917462838787,0.370182497720328
1.37443379331785,0.120921813542587
0.164654077836855,-1.24746752346867
-0.980365905897866,-0.400346158536253
0.132262230901072,-1.37132290261045
-0.115289312070718,0.271383081524691
-1.29591190255457,-0.477087710545073
0.0182942184700226,-0.490536799715714
-0.42307678533358,0.568452191000195
0.445755455430513,-0.592570247787632
-0.635665789649361,-0.935368039337751
-0.121468144785394,-0.883412778514753
0.445021085438872,0.17876793675213
1.09026408292363,1.11890629100661
-0.53453615059917,-1.50310683044021
-0.721127568414478,0.925489603970195
0.295337586580964,0.804097411524519
0.333697842670628,1.09479170504492
1.03494097270964,1.05490727324014
-1.80672307062577,-1.68265107810913
0.79217239601611,1.53881517943331
-1.05384121946193,-1.50465377153698
-1.17262516878376,1.00228617620343
-0.59026240855895,-2.77858914308107
0.800937063433213,1.44702098422304
1.28671795168015,2.55425376594523
0.349399290001203,1.10198131408646
1.91396909939929,-0.127606748780604
-1.33749103992841,-0.948999936344447
-0.102334133511675,0.99337670856082
-0.878322372110803,-0.846112644357124
0.383816325685158,0.94095171332389
-0.78657459427174,0.368858530108412
1.59795290884017,1.52623780323314
1.35179910965751,-0.997386447684448
0.957430653321145,2.55730535200692
0.848823768964834,-1.03678822626335
0.750319506104658,0.575186996631872
1.40147474946217,0.674482017437438
-1.46536791626588,-1.01146536264536
-0.658552874125309,-2.29789307100743
0.160892925274387,0.613210708419093
-0.0499741087568151,-1.51219253341828
-0.946049529138161,-1.49270473262939
-0.926805977310823,-0.335017456559147
-0.0662544503839067,2.07028082054758
0.0788559521074762,-0.673151396901004
-0.291045815019047,-1.76595229846842
0.699665619932458,1.79567256270674
-0.144863598786095,0.121575790379093
-0.902317725050583,-1.46211295866537
-0.641857695423769,-0.95495205691887
-0.448983937460681,-0.592903500199964
-0.415809278631665,-0.13091375023603
-0.197050126018821,-0.860997808086215
-1.20766235991497,-1.63614406191777
-0.0883886849410825,-0.499228985171372
1.27752942735672,0.298598523262516
-0.799690050661151,-0.825567159665303
0.218027150568085,0.450517528889028
0.994911480218749,0.438530185941684
0.292814150942155,0.258839809270855
-0.43933961664211,-1.46658501441104
0.124635504139649,0.0103673207466125
1.86470743792177,2.74866167254178
-1.05613851943334,0.0161972224613054
1.65879742162373,0.500749196912189
-0.25301011782557,-0.865133981597646
1.30910661509856,1.18227036303924
0.0151810688770534,-1.61742201586634
0.864276412559018,0.682704762012471
1.64267908572038,2.14665796240656
0.179793480515192,-2.89855470252854
-2.15833953220055,-1.07396751492128
0.0260377053228812,1.93439245674497
0.822320731030066,1.05166460177273
-1.4933277864957,-0.624907583471963
-0.768688387805946,-1.04938998443279
-1.57348952352348,-1.74003962800028
0.271462537454019,-0.311720808100554
0.590678480181403,0.265998240943799
-0.623130872611928,-1.09404692403548
-1.14603910041015,-2.55391883392248
-0.350288499028649,0.639099364977093
-0.968009657768149,-0.0283758166773427
-0.401030608466323,-0.233423383195866
-1.17505704542517,-1.1784568835025
-0.404248042415586,-0.133287716624328
-0.682606957136709,0.702685072475187
-0.292057732861038,0.489580754713308
0.56257665807303,-0.936061709162008
0.0381018886467159,0.993161740692916
-0.996160942488326,-0.412910243622696
0.73681936179644,0.160638038294025
0.803296521177122,0.572044301061916
0.637020785920976,1.57943051963641
-1.09698492727395,-1.54648063147492
0.23195109643188,1.02148323793512
0.533696072574959,1.41806636791863
1.00236749347563,0.506114719220261
0.966830578151942,1.50287960730389
0.262453452936422,-1.82716429532067
0.194444246809384,0.266694892165755
1.36503480178033,3.33753691527453
1.10909387066592,1.72423832175382
0.46571085712045,0.618106050822738
-0.289430659904137,-0.975205553149928
2.24999117684369,3.44877737525265
-0.729784407704375,-1.69915420753484
-2.34840009761923,-2.51327274573334
-1.2933417610368,-0.302974595069401
-0.396955034371741,-2.43462441542049
1.09889960456396,1.76209988551239
0.727389689021988,0.395889431192201
0.312189102010379,1.52455528480522
0.631176501505571,1.38530513496918
1.08898424462227,1.74999441508618
-0.836399984463843,-0.555742334629861
-0.0336374409196114,0.819657822012109
-0.812374342853507,-0.661955821887776
-0.665676263582631,-0.692465542477431
-0.962165828372321,-1.62575400276759
-0.345249842622706,-0.277139274148091
0.60030518136881,-0.124849024607895
-0.223235444186405,-0.164544433499638
-1.38723005105312,-0.997230520654192
0.329299245309081,-0.347359708320397
-0.0752535731779445,-0.366624276924835
1.163134801012,-1.34745245888971
-0.360618232390706,-0.824173247943672
-2.36644511981022,-2.30468816898626
-0.24686580474815,0.342837196306275
-1.13570929825795,-1.79799582410345
-0.337118609122736,-1.63899261499678
-1.05848181928833,-2.61440426220044
-1.66759610901615,-1.83268415087326
-1.38482042141674,-2.0679803567453
-0.637899170873424,-0.306345301064212
-0.299523701674176,-0.586991852990049
-2.43266318922483,-2.55453670816708
1.16556838520239,1.15455942415855
-0.810336619959166,-2.33631885870783
-0.20612806159153,0.619808141237006
0.538371004564371,0.670616789448055
0.394297995533403,1.17961102356653
0.179943337922734,0.283331754437425
0.299642198448898,0.364075433392929
0.657782415026698,-0.0240393767939815
0.0911026405453099,-0.603850788763969
0.750037857450196,-1.13106144000487
-0.4266470104072,-0.0300682708449818
0.649971383361574,2.49920378976912
-0.0130702802482113,0.29213020774228
-1.71244270225012,-0.918955607254667
-0.238477095279637,0.956192293580115
-1.54206517688399,-2.35496974168678
-1.33555033592725,-0.98738852220325
